author_country,author_institute_name,author_name,author_id,co_author_id,co_author_name,co_institute_id,co_publications,co_author_country,co_author_institute_name
India,"Indian Institute of Science, Bengaluru, Centre for Neuroscience",S. P. Arun,6503848470,6507390399,Marius V. Peelen,108669184,2,Netherlands,Donders Institute for Brain
India,"Indian Institute of Science, Bengaluru, Centre for Neuroscience",S. P. Arun,6503848470,24781358300,Rajesh Sundaresan,60014097,1,India,"Indian Institute of Science, Bengaluru"
India,"Indian Institute of Science, Bengaluru, Centre for Neuroscience",S. P. Arun,6503848470,25421611300,Harish Katti,60014097,3,India,"Indian Institute of Science, Bengaluru"
India,"Indian Institute of Science, Bengaluru, Centre for Neuroscience",S. P. Arun,6503848470,37020765100,Nidhin Koshy Vaidhiyan,113202067,1,India,Qualcomm Research India
India,"Indian Institute of Science, Bengaluru, Centre for Neuroscience",S. P. Arun,6503848470,55898365700,T. Vighneshvel,60014097,1,India,"Indian Institute of Science, Bangalore"
India,"Indian Institute of Science, Bengaluru, Centre for Neuroscience",S. P. Arun,6503848470,56126988500,R. T. Pramod,60014097,3,India,"Indian Institute of Science, Bengaluru"
India,"Indian Institute of Science, Bengaluru, Centre for Neuroscience",S. P. Arun,6503848470,56440205100,Kalathupiriyan A. Zhivago,60014097,1,India,"Indian Institute of Science, Bangalore"
India,"Indian Institute of Science, Bengaluru, Centre for Neuroscience",S. P. Arun,6503848470,57188841901,N. Apurva Ratan Murty,60014097,3,India,"Indian Institute of Science, Bangalore"
India,"Indian Institute of Science, Bengaluru, Centre for Neuroscience",S. P. Arun,6503848470,57190729347,N. C. Puneeth,60014097,1,India,"Indian Institute of Science, Bangalore"
India,"Indian Institute of Science, Bengaluru, Centre for Neuroscience",S. P. Arun,6503848470,57193065020,Sricharan Sunder,60014097,1,India,"Indian Institute of Science, Bangalore"
India,"Indian Institute of Science, Bengaluru, Centre for Neuroscience",S. P. Arun,6503848470,57194794834,N. Apurva Ratan Murty,60014097,1,India,"Indian Institute of Science, Bangalore"
India,"Indian Institute of Science, Bengaluru, Centre for Neuroscience",S. P. Arun,6503848470,57201447226,N. Apurva Ratan Murty,60014097,1,India,"Indian Institute of Science, Bangalore"
India,"Council of Scientific and Industrial Research India, Surface Engineering Division",V. K. William Grips,6503870577,57191359152,S. Madhavi Latha,60028189,1,India,National Aerospace Laboratories India
India,"Council of Scientific and Industrial Research India, Surface Engineering Division",V. K. William Grips,6503870577,57201570896,Singanahally Thippareddy Aruna,60019199,1,India,Council of Scientific and Industrial Research India
India,"Council of Scientific and Industrial Research India, Surface Engineering Division",V. K. William Grips,6503870577,57211063212,Sasidharan Radhabai Arunima,60031566,1,India,University of Kerala
India,"Indian Institute of Technology Guwahati, Department of Biosciences and Bioengineering",Ranjan Tamuli,6503871470,6603146542,Utpal Bora,60010126,1,India,Indian Institute of Technology Guwahati
India,"Indian Institute of Technology Guwahati, Department of Biosciences and Bioengineering",Ranjan Tamuli,6503871470,7003426303,Katherine A. Borkovich,60029526,1,United States,"University of California, Riverside"
India,"Indian Institute of Technology Guwahati, Department of Biosciences and Bioengineering",Ranjan Tamuli,6503871470,37120010800,Rekha Deka,60010126,2,India,"Indian Institute of Technology, Guwahati"
India,"Indian Institute of Technology Guwahati, Department of Biosciences and Bioengineering",Ranjan Tamuli,6503871470,55757411900,Dibakar Gohain,60010126,3,India,Indian Institute of Technology Guwahati
India,"Indian Institute of Technology Guwahati, Department of Biosciences and Bioengineering",Ranjan Tamuli,6503871470,56506734500,Ananya Barman,60010126,3,India,"Indian Institute of Technology, Guwahati"
India,"Indian Institute of Technology Guwahati, Department of Biosciences and Bioengineering",Ranjan Tamuli,6503871470,57192104247,Vijya Laxmi,118674377,1,India,MÃ©decins Sans FrontiÃ¨res
India,"Indian Institute of Technology Guwahati, Department of Biosciences and Bioengineering",Ranjan Tamuli,6503871470,57197552969,Anand Tiwari,60010126,1,India,"Indian Institute of Technology, Guwahati"
India,"Indian Institute of Technology Guwahati, Department of Biosciences and Bioengineering",Ranjan Tamuli,6503871470,57199738673,Serena Daniel Ngiilmei,60010126,1,India,"Indian Institute of Technology, Guwahati"
India,"University of Hyderabad, School of Physics",Y. Sundarayya,6503885815,7403092639,Sharika Nandan Kaul,60029516,1,India,University of Hyderabad
India,"University of Hyderabad, School of Physics",Y. Sundarayya,6503885815,8637374900,Sanyadanam Srinath,60029516,2,India,University of Hyderabad
India,"University of Hyderabad, School of Physics",Y. Sundarayya,6503885815,56514048800,Pittala Suresh,60014097,1,India,"Indian Institute of Science, Bengaluru"
India,"University of Hyderabad, School of Physics",Y. Sundarayya,6503885815,57208113327,Muhammed Rasi,60029516,1,India,University of Hyderabad
India,"University of Hyderabad, School of Physics",Y. Sundarayya,6503885815,57209146950,Rishabh Pandey,60029516,1,India,University of Hyderabad
India,"Vellore Institute of Technology, Vellore",M. Anthony Xavior,6503914507,6505476081,Arnaud Duchosal,60032530,1,France,UniversitÃ© de Tours
India,"Vellore Institute of Technology, Vellore",M. Anthony Xavior,6503914507,6507734594,Geetha Manivasagam,60010618,1,India,"Vellore Institute of Technology, Vellore"
India,"Vellore Institute of Technology, Vellore",M. Anthony Xavior,6503914507,7004572279,Prasad K.D.V. Yarlagadda,60011019,1,Australia,Queensland University of Technology QUT
India,"Vellore Institute of Technology, Vellore",M. Anthony Xavior,6503914507,7004908267,Ranjiitkumar Rajendran,60016008,1,India,Gas Turbine Research Establishment
India,"Vellore Institute of Technology, Vellore",M. Anthony Xavior,6503914507,7007185114,Narayanaswami Ranganathan,122518559,2,France,E.A. 7494
India,"Vellore Institute of Technology, Vellore",M. Anthony Xavior,6503914507,7102365250,Manoranjan C. Saha,60030931,1,United States,University of Oklahoma
India,"Vellore Institute of Technology, Vellore",M. Anthony Xavior,6503914507,7403637410,Mukul D.Barath Kumar,60010618,1,India,Vellore Institute of Technology
India,"Vellore Institute of Technology, Vellore",M. Anthony Xavior,6503914507,25822351600,S. Margret Anouncia,60010618,1,India,"Vellore Institute of Technology, Vellore"
India,"Vellore Institute of Technology, Vellore",M. Anthony Xavior,6503914507,26023828800,Pankaj B. Tambe,60119614,1,India,VIT-AP University
India,"Vellore Institute of Technology, Vellore",M. Anthony Xavior,6503914507,54983970200,Kumaraswamy Kaliamma Ajith Kumar,60117285,1,India,"SRM Institute of Science and Technology, Ramapuram Campus"
India,"Vellore Institute of Technology, Vellore",M. Anthony Xavior,6503914507,55224654500,Soumen Pal,60010618,1,India,"Vellore Institute of Technology, Vellore"
India,"Vellore Institute of Technology, Vellore",M. Anthony Xavior,6503914507,55446265100,P. A. Jeeva,60010618,1,India,Vellore Institute of Technology
India,"Vellore Institute of Technology, Vellore",M. Anthony Xavior,6503914507,55516432800,Sambantham Karthikeyan,60010618,1,India,"Vellore Institute of Technology, Vellore"
India,"Vellore Institute of Technology, Vellore",M. Anthony Xavior,6503914507,55550895900,A. Baskar,112771408,3,India,Panimalar Institute of Technology
India,"Vellore Institute of Technology, Vellore",M. Anthony Xavior,6503914507,55690435200,N. Nithyanandan,112771408,1,India,Panimalar Institute of Technology
India,"Vellore Institute of Technology, Vellore",M. Anthony Xavior,6503914507,55699042600,V. Umasankar,60106090,1,India,"VIT University, Chennai"
India,"Vellore Institute of Technology, Vellore",M. Anthony Xavior,6503914507,55765000588,Harmesh G.Prashantha Kumar,60116744,4,India,"University Institute of Engineering &amp; Technology, Chandigarh"
India,"Vellore Institute of Technology, Vellore",M. Anthony Xavior,6503914507,55971956800,R. Pugazhenthi,60105237,3,India,"Vels Institute of Science, Technology &amp; Advanced Studies"
India,"Vellore Institute of Technology, Vellore",M. Anthony Xavior,6503914507,56295226400,P. Jeyapandiarajan,60010618,12,India,"Vellore Institute of Technology, Vellore"
India,"Vellore Institute of Technology, Vellore",M. Anthony Xavior,6503914507,56504926900,Saravanan Lakshmanan,60010618,1,India,Vellore Institute of Technology
India,"Vellore Institute of Technology, Vellore",M. Anthony Xavior,6503914507,56505538800,Pazhani Ashwath,60010618,17,India,"Vellore Institute of Technology, Vellore"
India,"Vellore Institute of Technology, Vellore",M. Anthony Xavior,6503914507,56505621600,G. Bala Narasimha,112757085,1,India,S V Agricultural College
India,"Vellore Institute of Technology, Vellore",M. Anthony Xavior,6503914507,56618770700,H. G. Prashantha Kumar,60010618,13,India,Vellore Institute of Technology
India,"Vellore Institute of Technology, Vellore",M. Anthony Xavior,6503914507,56644843800,B. Dhanasakkaravarthi,112771408,1,India,Panimalar Institute of Technology
India,"Vellore Institute of Technology, Vellore",M. Anthony Xavior,6503914507,56695270600,Pravin R. Kubade,112670851,1,India,KIT's College of Engineering
India,"Vellore Institute of Technology, Vellore",M. Anthony Xavior,6503914507,57060360900,M. Vamsi Krishna,60107346,2,India,Madanapalle Institute of Technology &amp; Science
India,"Vellore Institute of Technology, Vellore",M. Anthony Xavior,6503914507,57060417800,Nitesh Lohia,60010618,1,India,Vellore Institute of Technology
India,"Vellore Institute of Technology, Vellore",M. Anthony Xavior,6503914507,57084005900,J. Joel,60010618,10,India,"Vellore Institute of Technology, Vellore"
India,"Vellore Institute of Technology, Vellore",M. Anthony Xavior,6503914507,57189610494,V. Umashankar,60010618,1,India,Vellore Institute of Technology
India,"Vellore Institute of Technology, Vellore",M. Anthony Xavior,6503914507,57191971462,Siddhartha Jauhari,60010618,1,India,Vellore Institute of Technology
India,"Vellore Institute of Technology, Vellore",M. Anthony Xavior,6503914507,57191977640,Mrinal Phani Raj,60109586,1,India,Vallurupalli Nageswara Rao Vignana Jyothi Institute of Engineering &amp; Technology
India,"Vellore Institute of Technology, Vellore",M. Anthony Xavior,6503914507,57191978699,Abheek Maiti,60010618,1,India,Vellore Institute of Technology
India,"Vellore Institute of Technology, Vellore",M. Anthony Xavior,6503914507,57192281200,Ian Gibson,60020599,1,Netherlands,University of Twente
India,"Vellore Institute of Technology, Vellore",M. Anthony Xavior,6503914507,57192481635,R. Vinayagamoorthy,60010618,2,India,"Vellore Institute of Technology, Vellore"
India,"Vellore Institute of Technology, Vellore",M. Anthony Xavior,6503914507,57193524749,Muneeb Ahsan,60010618,1,India,Vellore Institute of Technology
India,"Vellore Institute of Technology, Vellore",M. Anthony Xavior,6503914507,57193835239,Patil Mahesh Madhukar,60010618,2,India,Vellore Institute of Technology
India,"Vellore Institute of Technology, Vellore",M. Anthony Xavior,6503914507,57193838055,Leo Zhao,118323598,1,China,International Association of Applied Science and Engineering Technology
India,"Vellore Institute of Technology, Vellore",M. Anthony Xavior,6503914507,57195492307,Rahul Verma,60010618,1,India,Vellore Institute of Technology
India,"Vellore Institute of Technology, Vellore",M. Anthony Xavior,6503914507,57196704817,Mahesh Madhukar Patil,60010618,2,India,Vellore Institute of Technology
India,"Vellore Institute of Technology, Vellore",M. Anthony Xavior,6503914507,57199323976,N. Sumanth,60010618,1,India,Vellore Institute of Technology
India,"Vellore Institute of Technology, Vellore",M. Anthony Xavior,6503914507,57200333379,Anubhav Goel,60010618,2,India,Vellore Institute of Technology
India,"Vellore Institute of Technology, Vellore",M. Anthony Xavior,6503914507,57200334396,Jeyapandiarajan Paulchamy,60010618,1,India,Vellore Institute of Technology
India,"Vellore Institute of Technology, Vellore",M. Anthony Xavior,6503914507,57200335970,Mohit Rathi,60010618,2,India,Vellore Institute of Technology
India,"Vellore Institute of Technology, Vellore",M. Anthony Xavior,6503914507,57200338104,Prashantha Kumar Hosamane,60010618,1,India,Vellore Institute of Technology
India,"Vellore Institute of Technology, Vellore",M. Anthony Xavior,6503914507,57200340826,Tushar Nigam,60010618,2,India,Vellore Institute of Technology
India,"Vellore Institute of Technology, Vellore",M. Anthony Xavior,6503914507,57201734232,Muhammad Raneez,60010618,1,India,Vellore Institute of Technology
India,"Vellore Institute of Technology, Vellore",M. Anthony Xavior,6503914507,57201734797,Atef Moideen,60010618,1,India,Vellore Institute of Technology
India,"Vellore Institute of Technology, Vellore",M. Anthony Xavior,6503914507,57201736354,J. Kaustav Chakraborty,60010618,1,India,Vellore Institute of Technology
India,"Vellore Institute of Technology, Vellore",M. Anthony Xavior,6503914507,57201736481,Ashwath P. Joel,60010618,1,India,Vellore Institute of Technology
India,"Vellore Institute of Technology, Vellore",M. Anthony Xavior,6503914507,57201736916,Saneesh Sancylal,60010618,1,India,Vellore Institute of Technology
India,"Vellore Institute of Technology, Vellore",M. Anthony Xavior,6503914507,57201983553,N. Rajesh,60106781,1,India,JNT University Anantapur
India,"Vellore Institute of Technology, Vellore",M. Anthony Xavior,6503914507,57202978369,Neeraj Kumar Singh,100778905,1,India,PES College of Engineering
India,"Vellore Institute of Technology, Vellore",M. Anthony Xavior,6503914507,57202978943,Sheth Neel,60010618,1,India,Vellore Institute of Technology
India,"Vellore Institute of Technology, Vellore",M. Anthony Xavior,6503914507,57202979242,Utkarsh Dharnia,60010618,1,India,Vellore Institute of Technology
India,"Vellore Institute of Technology, Vellore",M. Anthony Xavior,6503914507,57202981071,Shah Chintankumar,60010618,1,India,Vellore Institute of Technology
India,"Vellore Institute of Technology, Vellore",M. Anthony Xavior,6503914507,57202985273,J. P. Ajithkumar,60010618,4,India,Vellore Institute of Technology
India,"Vellore Institute of Technology, Vellore",M. Anthony Xavior,6503914507,57202985942,Prateek M. Shivalli,60010618,1,India,Vellore Institute of Technology
India,"Vellore Institute of Technology, Vellore",M. Anthony Xavior,6503914507,57202986536,Chillakuru Saketh Reddy,60010618,1,India,Vellore Institute of Technology
India,"Vellore Institute of Technology, Vellore",M. Anthony Xavior,6503914507,57202990939,Himanshu Grover,60010618,1,India,Vellore Institute of Technology
India,"Vellore Institute of Technology, Vellore",M. Anthony Xavior,6503914507,57202992438,Shivprasad Hosmani,60010618,1,India,Vellore Institute of Technology
India,"Vellore Institute of Technology, Vellore",M. Anthony Xavior,6503914507,57202994611,Mayank Somani,60010618,1,India,Vellore Institute of Technology
India,"Vellore Institute of Technology, Vellore",M. Anthony Xavior,6503914507,57203079188,Harun Ali,60010618,1,India,Vellore Institute of Technology
India,"Vellore Institute of Technology, Vellore",M. Anthony Xavior,6503914507,57204080937,Akshay Chandra,60010618,1,India,Vellore Institute of Technology
India,"Vellore Institute of Technology, Vellore",M. Anthony Xavior,6503914507,57204550296,Sarthak Chandok,60010618,1,India,"Vellore Institute of Technology, Vellore"
India,"Vellore Institute of Technology, Vellore",M. Anthony Xavior,6503914507,57204552467,Nithish Dugar,60010618,1,India,"Vellore Institute of Technology, Vellore"
India,"Vellore Institute of Technology, Vellore",M. Anthony Xavior,6503914507,57204556585,Parth Pramesh,60010618,1,India,"Vellore Institute of Technology, Vellore"
India,"Vellore Institute of Technology, Vellore",M. Anthony Xavior,6503914507,57205222655,Kumar Raja,60010618,1,India,"Vellore Institute of Technology, Vellore"
India,"Vellore Institute of Technology, Vellore",M. Anthony Xavior,6503914507,57205699269,S. Venkatesan,60010618,5,India,Vellore Institute of Technology
India,"Vellore Institute of Technology, Vellore",M. Anthony Xavior,6503914507,57207452804,Pansura S.Noori Banu,60021891,1,India,Jawaharlal Nehru Technological University Hyderabad
India,"Vellore Institute of Technology, Vellore",M. Anthony Xavior,6503914507,57207518234,Morish Manohar,60100082,3,India,Karunya Institute of Technology and Sciences
India,"Vellore Institute of Technology, Vellore",M. Anthony Xavior,6503914507,57209171541,Hrishikesh Singh,60010618,1,India,Vellore Institute of Technology
India,"Vellore Institute of Technology, Vellore",M. Anthony Xavior,6503914507,57209308136,Yongming Zhu,60018554,1,China,Zhengzhou University
India,"Vellore Institute of Technology, Vellore",M. Anthony Xavior,6503914507,57209325683,M. Vamsi Krishna,60094091,2,India,"Chaitanya Bharathi Institute of Technology, Hyderabad"
India,"Vellore Institute of Technology, Vellore",M. Anthony Xavior,6503914507,57209489016,Kaustav Chakraborty,60010618,1,India,Vellore Institute of Technology
India,"Vellore Institute of Technology, Vellore",M. Anthony Xavior,6503914507,57211052189,Rajendran Saravanan,120167605,1,India,Ellenki College of Engineering and Technology
India,"Bhabha Atomic Research Centre, Applied Physics Division",Amit S. Rav,6503925800,6602199611,Trilok C. Kaushik,60079949,5,India,Homi Bhabha National Institute
India,"Bhabha Atomic Research Centre, Applied Physics Division",Amit S. Rav,6503925800,7202665699,Kallol Roy,118794441,3,India,Bharatiya Nabhikiya Vidyut Nigam Limited
India,"Bhabha Atomic Research Centre, Applied Physics Division",Amit S. Rav,6503925800,7401807767,Sulekha Mukhopadhyay,60033473,1,India,Bhabha Atomic Research Centre
India,"Bhabha Atomic Research Centre, Applied Physics Division",Amit S. Rav,6503925800,8979645700,Suraj Gupta,60025929,5,India,University of Mumbai
India,"Bhabha Atomic Research Centre, Applied Physics Division",Amit S. Rav,6503925800,35966597600,Swati Gandhi,60033473,1,India,Bhabha Atomic Research Centre
India,"Bhabha Atomic Research Centre, Applied Physics Division",Amit S. Rav,6503925800,55704376800,Keshaw D. Joshi,60079949,8,India,Homi Bhabha National Institute
India,"Bhabha Atomic Research Centre, Applied Physics Division",Amit S. Rav,6503925800,56009504100,Amit Sur,60033473,5,India,Bhabha Atomic Research Centre
India,"Bhabha Atomic Research Centre, Applied Physics Division",Amit S. Rav,6503925800,56235172600,Debojyoti Mukherjee,60033473,1,India,Bhabha Atomic Research Centre
India,"Bhabha Atomic Research Centre, Applied Physics Division",Amit S. Rav,6503925800,57199826140,Priyanka C. Das,60033473,1,India,Bhabha Atomic Research Centre
India,"Bhabha Atomic Research Centre, Applied Physics Division",Amit S. Rav,6503925800,57202227483,Kulbhushan Singh,60033473,1,India,Bhabha Atomic Research Centre
India,"Bhabha Atomic Research Centre, Applied Physics Division",Amit S. Rav,6503925800,57206494584,Gaurav Pandey,60033473,1,India,Bhabha Atomic Research Centre
India,"Vellore Institute of Technology, Vellore",Ravi Kanth Kamlekar,6503929018,6505855867,Dhirendra Kumar Simanshu,60109509,2,United States,Leidos Inc.
India,"Vellore Institute of Technology, Vellore",Ravi Kanth Kamlekar,6503929018,6506543958,V. R. Samygina,60114364,1,Russian Federation,"Federal Scientific Research Center ""Crystallography and photonics"" of Russian Academy of Sciences"
India,"Vellore Institute of Technology, Vellore",Ravi Kanth Kamlekar,6503929018,6602896608,Roopa Kenoth,60010618,3,India,"Vellore Institute of Technology, Vellore"
India,"Vellore Institute of Technology, Vellore",Ravi Kanth Kamlekar,6503929018,6701836771,Margarita L. Malakhova,60005745,1,United States,University of Minnesota System
India,"Vellore Institute of Technology, Vellore",Ravi Kanth Kamlekar,6503929018,6701903687,Helen M. Pike,60005745,1,United States,University of Minnesota System
India,"Vellore Institute of Technology, Vellore",Ravi Kanth Kamlekar,6503929018,7005201502,Lucy Malinina,60005745,2,United States,University of Minnesota System
India,"Vellore Institute of Technology, Vellore",Ravi Kanth Kamlekar,6503929018,7006359339,Xiuhong Zhai,60005745,1,United States,University of Minnesota System
India,"Vellore Institute of Technology, Vellore",Ravi Kanth Kamlekar,6503929018,7402238251,Dinshaw J. Patel,60009343,2,United States,Memorial Sloan-Kettering Cancer Center
India,"Vellore Institute of Technology, Vellore",Ravi Kanth Kamlekar,6503929018,7406363066,Rhoderick E. Brown,60005745,3,United States,University of Minnesota System
India,"Vellore Institute of Technology, Vellore",Ravi Kanth Kamlekar,6503929018,9272791400,Xianqiong Zou,106733003,1,China,Guilin Medical University
India,"Vellore Institute of Technology, Vellore",Ravi Kanth Kamlekar,6503929018,14319217300,Borja Ochoa-Lizarralde,60108901,1,Spain,CIC BioGUNE
India,"Vellore Institute of Technology, Vellore",Ravi Kanth Kamlekar,6503929018,35464206500,Julian G. Molotkovsky,60085212,1,Russian Federation,Shemyakin-Ovchinnikov Institute of Bioorganic Chemistry of the Russian Academy of Sciences
India,"Vellore Institute of Technology, Vellore",Ravi Kanth Kamlekar,6503929018,56126227300,Khan Behlol Ayaz Ahmed,60005147,1,India,SASTRA Deemed University
India,"Vellore Institute of Technology, Vellore",Ravi Kanth Kamlekar,6503929018,56330278600,Sengan Megarajan,60005147,2,India,SASTRA Deemed University
India,"Vellore Institute of Technology, Vellore",Ravi Kanth Kamlekar,6503929018,56741320000,Pichaikkannu Ahalya,60005147,1,India,SASTRA University
India,"Vellore Institute of Technology, Vellore",Ravi Kanth Kamlekar,6503929018,56741330000,Megarajan Sengan,60005147,2,India,SASTRA University
India,"Vellore Institute of Technology, Vellore",Ravi Kanth Kamlekar,6503929018,57200131020,Anbazhgan Veerappan,60005147,4,India,SASTRA Deemed University
India,"Vellore Institute of Technology, Vellore",Ravi Kanth Kamlekar,6503929018,57200132780,Siva Bala Subramaniyan,60005147,3,India,SASTRA Deemed University
India,"Vellore Institute of Technology, Vellore",Ravi Kanth Kamlekar,6503929018,57205122101,Sukanya Arul Prakash,60010618,1,India,Vellore Institute of Technology
India,"Vellore Institute of Technology, Vellore",Ravi Kanth Kamlekar,6503929018,57205452614,Muruganandam Jayanthi,60005147,1,India,SASTRA University
India,"Vellore Institute of Technology, Vellore",Ravi Kanth Kamlekar,6503929018,57208595960,Santhosh Vijayakumar,60005147,1,India,SASTRA Deemed University
India,"Central Salt and Marine Chemicals Research Institute India, Analytical and Environmental Science Division and Centralized Instrument Facility",Vinod P. Boricha,6503931662,7003420612,Eringathodi S.M. Suresh,60025422,3,India,Central Salt and Marine Chemicals Research Institute India
India,"Central Salt and Marine Chemicals Research Institute India, Analytical and Environmental Science Division and Centralized Instrument Facility",Vinod P. Boricha,6503931662,7101779474,Anjani K. Bhatt,60025422,2,India,Central Salt and Marine Chemicals Research Institute India
India,"Central Salt and Marine Chemicals Research Institute India, Analytical and Environmental Science Division and Centralized Instrument Facility",Vinod P. Boricha,6503931662,7202036307,Pabitra Baran Chatterjee,118505043,2,India,Analytical and Environmental Science Division and Centralized Instrument Facility
India,"Central Salt and Marine Chemicals Research Institute India, Analytical and Environmental Science Division and Centralized Instrument Facility",Vinod P. Boricha,6503931662,7202714087,Parimal R. Paul,60121522,4,India,Academy of Scientific and Innovative Research (AcSIR)
India,"Central Salt and Marine Chemicals Research Institute India, Analytical and Environmental Science Division and Centralized Instrument Facility",Vinod P. Boricha,6503931662,7402725044,Sandhya K. Mishra,123418525,1,India,AcSIR
India,"Central Salt and Marine Chemicals Research Institute India, Analytical and Environmental Science Division and Centralized Instrument Facility",Vinod P. Boricha,6503931662,14035644600,Soumya Haldar,118505043,1,India,Analytical and Environmental Science Division and Centralized Instrument Facility
India,"Central Salt and Marine Chemicals Research Institute India, Analytical and Environmental Science Division and Centralized Instrument Facility",Vinod P. Boricha,6503931662,26221680000,Bishwajit Ganguly,60025422,1,India,Central Salt and Marine Chemicals Research Institute India
India,"Central Salt and Marine Chemicals Research Institute India, Analytical and Environmental Science Division and Centralized Instrument Facility",Vinod P. Boricha,6503931662,36637886100,Debdeep Maity,60000961,1,Croatia,Institute Ruder Boskovic
India,"Central Salt and Marine Chemicals Research Institute India, Analytical and Environmental Science Division and Centralized Instrument Facility",Vinod P. Boricha,6503931662,55235325700,Vallu Ramakrishna,60025422,2,India,Central Salt and Marine Chemicals Research Institute India
India,"Central Salt and Marine Chemicals Research Institute India, Analytical and Environmental Science Division and Centralized Instrument Facility",Vinod P. Boricha,6503931662,56192360800,Mrinal Kanti Si,60025422,1,India,Central Salt and Marine Chemicals Research Institute India
India,"Central Salt and Marine Chemicals Research Institute India, Analytical and Environmental Science Division and Centralized Instrument Facility",Vinod P. Boricha,6503931662,56329732000,Madhuri Bhatt,60121522,1,India,Academy of Scientific and Innovative Research (AcSIR)
India,"Central Salt and Marine Chemicals Research Institute India, Analytical and Environmental Science Division and Centralized Instrument Facility",Vinod P. Boricha,6503931662,56747225800,Ratish R. Nair,118505043,1,India,Analytical and Environmental Science Division and Centralized Instrument Facility
India,"Central Salt and Marine Chemicals Research Institute India, Analytical and Environmental Science Division and Centralized Instrument Facility",Vinod P. Boricha,6503931662,56804411300,Nidhi Joshi,60025422,1,India,Central Salt and Marine Chemicals Research Institute India
India,"Central Salt and Marine Chemicals Research Institute India, Analytical and Environmental Science Division and Centralized Instrument Facility",Vinod P. Boricha,6503931662,57190339529,Satyavolu V.Vamsi Bharadwaj,60025422,1,India,Central Salt and Marine Chemicals Research Institute India
India,"Central Salt and Marine Chemicals Research Institute India, Analytical and Environmental Science Division and Centralized Instrument Facility",Vinod P. Boricha,6503931662,57194010607,Sakshi Srivastava,60025422,1,India,Central Salt and Marine Chemicals Research Institute India
India,"Central Salt and Marine Chemicals Research Institute India, Analytical and Environmental Science Division and Centralized Instrument Facility",Vinod P. Boricha,6503931662,57197091493,Subrata Patra,121884126,1,India,Marwadi University
India,"Central Salt and Marine Chemicals Research Institute India, Analytical and Environmental Science Division and Centralized Instrument Facility",Vinod P. Boricha,6503931662,57197900456,Sanjay Parihar,60002112,1,India,The Maharaja Sayajirao University of Baroda
India,"Central Salt and Marine Chemicals Research Institute India, Analytical and Environmental Science Division and Centralized Instrument Facility",Vinod P. Boricha,6503931662,57200628520,Raju Mudhulkar,60025422,1,India,Central Salt and Marine Chemicals Research Institute India
India,"Central Salt and Marine Chemicals Research Institute India, Analytical and Environmental Science Division and Centralized Instrument Facility",Vinod P. Boricha,6503931662,57201646568,Mittal L. Desai,60026881,1,India,S. V. National Institute of Technology
India,"Central Salt and Marine Chemicals Research Institute India, Analytical and Environmental Science Division and Centralized Instrument Facility",Vinod P. Boricha,6503931662,57203201564,Soundarya Rajapitamahuni,60121522,1,India,Academy of Scientific and Innovative Research (AcSIR)
India,"Central Salt and Marine Chemicals Research Institute India, Analytical and Environmental Science Division and Centralized Instrument Facility",Vinod P. Boricha,6503931662,57210767304,Rajendrasinh N. Jadeja,60002112,1,India,The Maharaja Sayajirao University of Baroda
India,Homi Bhabha National Institute,Chandan Danani,6503946484,6504675411,Sanjay G. Khirwadker,60014409,1,India,Institute for Plasma Research India
India,Homi Bhabha National Institute,Chandan Danani,6503946484,6602334541,Andreas Mutzke,106900759,1,Germany,Max-Planck-Institute for Plasmaphysics
India,Homi Bhabha National Institute,Chandan Danani,6503946484,7003909720,Dhiraj Bora,60014409,1,India,Institute for Plasma Research
India,Homi Bhabha National Institute,Chandan Danani,6503946484,7102901395,Tanya K. Basu,60014409,1,India,Institute for Plasma Research
India,Homi Bhabha National Institute,Chandan Danani,6503946484,7103211251,Paritosh Chaudhuri,60014409,8,India,Institute for Plasma Research
India,Homi Bhabha National Institute,Chandan Danani,6503946484,7201691044,Shishir P. Deshpande,60079949,1,India,Homi Bhabha National Institute
India,Homi Bhabha National Institute,Chandan Danani,6503946484,7403017228,C. V.S. Rao,60014409,1,India,Institute for Plasma Research
India,Homi Bhabha National Institute,Chandan Danani,6503946484,7404971410,Aashoo N. Sharma,60014409,1,India,Institute for Plasma Research
India,Homi Bhabha National Institute,Chandan Danani,6503946484,9040111000,E. Rajendrakumar,60014409,1,India,Institute for Plasma Research India
India,Homi Bhabha National Institute,Chandan Danani,6503946484,9271938800,Subrata Pradhan,60014409,1,India,Institute for Plasma Research
India,Homi Bhabha National Institute,Chandan Danani,6503946484,9275613200,Rajesh V. Kolekar,60033473,1,India,Bhabha Atomic Research Centre
India,Homi Bhabha National Institute,Chandan Danani,6503946484,12759458200,Priyanka J. Reddy,60033473,1,India,Bhabha Atomic Research Centre
India,Homi Bhabha National Institute,Chandan Danani,6503946484,12760222100,Sonali P.D. Bhade,60033473,1,India,Bhabha Atomic Research Centre
India,Homi Bhabha National Institute,Chandan Danani,6503946484,15037152400,Upendra Prasad,60014409,2,India,Institute for Plasma Research
India,Homi Bhabha National Institute,Chandan Danani,6503946484,16308848700,Rajendraprasad Bhattacharyay,60014409,1,India,Institute for Plasma Research
India,Homi Bhabha National Institute,Chandan Danani,6503946484,24517775200,D. Garg,60014409,1,India,Institute for Plasma Research India
India,Homi Bhabha National Institute,Chandan Danani,6503946484,24587656700,Predhiman Krishan Kaw,60014409,1,India,Institute for Plasma Research
India,Homi Bhabha National Institute,Chandan Danani,6503946484,24766300800,E. Rajendra Kumar,60014409,2,India,Institute for Plasma Research
India,Homi Bhabha National Institute,Chandan Danani,6503946484,26423410800,K. N. Vyas,60033473,1,India,Bhabha Atomic Research Centre
India,Homi Bhabha National Institute,Chandan Danani,6503946484,35435268800,Shrichand Jakhar,60002062,1,France,ITER
India,Homi Bhabha National Institute,Chandan Danani,6503946484,36793389200,Vilas K. Chaudhari,60014409,2,India,Institute for Plasma Research
India,Homi Bhabha National Institute,Chandan Danani,6503946484,54886472300,Mitul R. Abhangi,60014409,2,India,Institute for Plasma Research
India,Homi Bhabha National Institute,Chandan Danani,6503946484,54965965200,Sudhirsinh S. Vala,60014409,1,India,Institute for Plasma Research
India,Homi Bhabha National Institute,Chandan Danani,6503946484,55099784400,H. L. Swami,60014409,9,India,Institute for Plasma Research
India,Homi Bhabha National Institute,Chandan Danani,6503946484,55123118600,Santharam Ranjithkumar,60014409,3,India,Institute for Plasma Research
India,Homi Bhabha National Institute,Chandan Danani,6503946484,55482816200,Aashoo L. Sharma,60014409,1,India,Institute for Plasma Research
India,Homi Bhabha National Institute,Chandan Danani,6503946484,55484648000,Rajinikant J. Makwana,60002112,1,India,The Maharaja Sayajirao University of Baroda
India,Homi Bhabha National Institute,Chandan Danani,6503946484,55655492400,Ralph F. Schneider,60021311,1,Germany,Ernst-Moritz-Arndt-UniversitÃ¤t Greifswald
India,Homi Bhabha National Institute,Chandan Danani,6503946484,56420581800,Sujay D. Bhattacharya,60033473,1,India,Bhabha Atomic Research Centre
India,Homi Bhabha National Institute,Chandan Danani,6503946484,56451931600,Sanchit K. Sharma,60009790,2,India,"All India Institute of Medical Sciences, New Delhi"
India,Homi Bhabha National Institute,Chandan Danani,6503946484,56990829000,Atik N. Mistry,60014409,3,India,Institute for Plasma Research
India,Homi Bhabha National Institute,Chandan Danani,6503946484,57034776100,Pramit Dutta,60014409,1,India,Institute for Plasma Research
India,Homi Bhabha National Institute,Chandan Danani,6503946484,57034927100,Naveen Rastogi,60014409,2,India,Institute for Plasma Research India
India,Homi Bhabha National Institute,Chandan Danani,6503946484,57088042300,Manoah Stephen,60014409,1,India,Institute for Plasma Research
India,Homi Bhabha National Institute,Chandan Danani,6503946484,57188624115,Rajneesh Kumar,60103917,1,India,Indian Institute of Technology Hyderabad
India,Homi Bhabha National Institute,Chandan Danani,6503946484,57188695044,Vinay Menon,60014409,2,India,Institute for Plasma Research India
India,Homi Bhabha National Institute,Chandan Danani,6503946484,57189001667,Istiyak Khan,60033473,1,India,Bhabha Atomic Research Centre
India,Homi Bhabha National Institute,Chandan Danani,6503946484,57197393628,Viral Mehta,60014409,1,India,Institute for Plasma Research
India,Homi Bhabha National Institute,Chandan Danani,6503946484,57198421176,Deepak Sharma,60014409,3,India,Institute for Plasma Research
India,Homi Bhabha National Institute,Chandan Danani,6503946484,57203543238,Anthony K. Shaw,60033317,5,United Kingdom,Culham Lab
India,Homi Bhabha National Institute,Chandan Danani,6503946484,57203596625,Deepti P. Sharma,60014409,1,India,Institute for Plasma Research
India,Homi Bhabha National Institute,Chandan Danani,6503946484,57205199837,Radhakrishnan Srinivasan,60079949,2,India,Homi Bhabha National Institute
India,Homi Bhabha National Institute,Chandan Danani,6503946484,57205270620,Deepak Aggarwal,60014409,1,India,Institute for Plasma Research
India,Homi Bhabha National Institute,Chandan Danani,6503946484,57205270659,Ritesh Srivatsava,60014409,1,India,Institute for Plasma Research India
India,Homi Bhabha National Institute,Chandan Danani,6503946484,57205270838,M. Hima Bindu,60014409,1,India,Institute for Plasma Research India
India,Homi Bhabha National Institute,Chandan Danani,6503946484,57205271425,Someswar Dutta,60014409,1,India,Institute for Plasma Research
India,Homi Bhabha National Institute,Chandan Danani,6503946484,57205271486,Jyoti Agrawal,60014409,1,India,Institute for Plasma Research India
India,Homi Bhabha National Institute,Chandan Danani,6503946484,57208029414,S. Tiwari,60014409,3,India,Institute for Plasma Research
India,Homi Bhabha National Institute,Chandan Danani,6503946484,57208851358,Manoj Warrier,60033473,2,India,Bhabha Atomic Research Centre
India,Homi Bhabha National Institute,Chandan Danani,6503946484,57209327736,Debapriya Mandal,60033473,1,India,Bhabha Atomic Research Centre
India,Homi Bhabha National Institute,Chandan Danani,6503946484,57209918700,Amitabh K. Das,60033473,1,India,Bhabha Atomic Research Centre
India,Homi Bhabha National Institute,Chandan Danani,6503946484,57210150880,V. Vasava,60014409,1,India,Institute for Plasma Research
India,"Indian Institute of Technology Madras, Department of Electrical Engineering",Arun Pachai Kannu,6503996479,6602080475,Devendra Jalihal,60025757,1,India,Indian Institute of Technology Madras
India,"Indian Institute of Technology Madras, Department of Electrical Engineering",Arun Pachai Kannu,6503996479,6603357551,S. Bhashyam,60025757,1,India,Indian Institute of Technology Madras
India,"Indian Institute of Technology Madras, Department of Electrical Engineering",Arun Pachai Kannu,6503996479,35078837200,Nandita Lavanis,60025757,1,India,"Indian Institute of Technology, Madras"
India,"Indian Institute of Technology Madras, Department of Electrical Engineering",Arun Pachai Kannu,6503996479,56303422000,Amrutraj Joshi,60025757,1,India,"Indian Institute of Technology, Madras"
India,"Indian Institute of Technology Madras, Department of Electrical Engineering",Arun Pachai Kannu,6503996479,56637394600,Sanjay Ghosh,60026851,1,United Kingdom,University of Oxford
India,"Indian Institute of Technology Madras, Department of Electrical Engineering",Arun Pachai Kannu,6503996479,57151060400,Neelakandan Rajamohan,60010618,2,India,Vellore Institute of Technology
India,"Indian Institute of Technology Madras, Department of Electrical Engineering",Arun Pachai Kannu,6503996479,57194563794,Nitin Jonathan Myers,60013372,1,United States,University of Texas at Austin
